{
  "Ansi 7 Color (Light)" : {
    "Green Component" : 0.73333334922790527,
    "Blue Component" : 0.73333334922790527,
    "Red Component" : 0.73333334922790527
  },
  "Brighten Bold Text (Light)" : true,
  "Ansi 15 Color (Light)" : {
    "Green Component" : 1,
    "Blue Component" : 1,
    "Red Component" : 1
  },
  "Ansi 2 Color (Light)" : {
    "Green Component" : 0.73333334922790527,
    "Blue Component" : 0,
    "Red Component" : 0
  },
  "Bold Color" : {
    "Red Component" : 0.062745101749897003,
    "Color Space" : "sRGB",
    "Blue Component" : 0.062745101749897003,
    "Alpha Component" : 1,
    "Green Component" : 0.062745101749897003
  },
  "Ansi 1 Color (Dark)" : {
    "Green Component" : 0,
    "Blue Component" : 0,
    "Red Component" : 0.73333334922790527
  },
  "Use Bright Bold" : true,
  "Ansi 9 Color (Light)" : {
    "Green Component" : 0.3333333432674408,
    "Blue Component" : 0.3333333432674408,
    "Red Component" : 1
  },
  "Ansi 8 Color (Dark)" : {
    "Green Component" : 0.3333333432674408,
    "Blue Component" : 0.3333333432674408,
    "Red Component" : 0.3333333432674408
  },
  "Use Bright Bold (Dark)" : true,
  "Background Color" : {
    "Red Component" : 0.97999999999999998,
    "Color Space" : "sRGB",
    "Blue Component" : 0.97999999999999998,
    "Alpha Component" : 1,
    "Green Component" : 0.97999999999999998
  },
  "Ansi 8 Color" : {
    "Red Component" : 0.40781760215759277,
    "Color Space" : "sRGB",
    "Blue Component" : 0.4078223705291748,
    "Alpha Component" : 1,
    "Green Component" : 0.40782788395881653
  },
  "Badge Text" : "",
  "Right Option Key Sends" : 0,
  "Ansi 4 Color (Light)" : {
    "Green Component" : 0,
    "Blue Component" : 0.73333334922790527,
    "Red Component" : 0
  },
  "Blinking Cursor" : false,
  "Columns" : 80,
  "Selected Text Color (Light)" : {
    "Green Component" : 0,
    "Blue Component" : 0,
    "Red Component" : 0
  },
  "Selected Text Color (Dark)" : {
    "Green Component" : 0,
    "Blue Component" : 0,
    "Red Component" : 0
  },
  "Ansi 3 Color (Dark)" : {
    "Green Component" : 0.73333334922790527,
    "Blue Component" : 0,
    "Red Component" : 0.73333334922790527
  },
  "Keyboard Map" : {
    "0xf703-0x300000-0x7c" : {
      "Version" : 2,
      "Apply Mode" : 0,
      "Action" : 12,
      "Text" : "\\x1b[1;5C",
      "Escaping" : 2
    },
    "0x6f-0x100000-0x1f" : {
      "Version" : 2,
      "Apply Mode" : 0,
      "Action" : 12,
      "Text" : "\\x0F",
      "Escaping" : 2
    },
    "0x69-0x100000-0x22" : {
      "Version" : 2,
      "Apply Mode" : 0,
      "Action" : 12,
      "Text" : "\\x09",
      "Escaping" : 2
    },
    "0xf700-0x300000-0x7e" : {
      "Version" : 2,
      "Apply Mode" : 0,
      "Action" : 12,
      "Text" : "\\x1b[1;5A",
      "Escaping" : 2
    },
    "0xf701-0x300000-0x7d" : {
      "Version" : 2,
      "Apply Mode" : 0,
      "Action" : 12,
      "Text" : "\\x1b[1;5B",
      "Escaping" : 2
    },
    "0xf702-0x300000-0x7b" : {
      "Version" : 2,
      "Apply Mode" : 0,
      "Action" : 12,
      "Text" : "\\x1b[1;5D",
      "Escaping" : 2
    },
    "0x6b-0x100000-0x28" : {
      "Version" : 2,
      "Apply Mode" : 0,
      "Action" : 12,
      "Text" : "\\x0B",
      "Escaping" : 2
    },
    "0x72-0x100000-0xf" : {
      "Version" : 2,
      "Apply Mode" : 0,
      "Action" : 12,
      "Text" : "\\x12",
      "Escaping" : 2
    },
    "0x7a-0x100000-0x6" : {
      "Version" : 2,
      "Apply Mode" : 0,
      "Action" : 12,
      "Text" : "\\x1A",
      "Escaping" : 2
    },
    "0x4e-0x120000-0x2d" : {
      "Version" : 2,
      "Apply Mode" : 0,
      "Action" : 26,
      "Text" : "9153EEC9-8ED0-426D-AD94-3D1E116245B2",
      "Escaping" : 2
    },
    "0x73-0x100000-0x1" : {
      "Version" : 2,
      "Apply Mode" : 0,
      "Action" : 12,
      "Text" : "\\x13",
      "Escaping" : 2
    },
    "0x63-0x100000-0x8" : {
      "Version" : 2,
      "Apply Mode" : 0,
      "Action" : 12,
      "Text" : "\\x03",
      "Escaping" : 2
    }
  },
  "Visual Bell" : true,
  "Cursor Text Color" : {
    "Red Component" : 1,
    "Color Space" : "sRGB",
    "Blue Component" : 1,
    "Alpha Component" : 1,
    "Green Component" : 1
  },
  "Scrollback Lines" : 1000,
  "Selection Color (Light)" : {
    "Green Component" : 0.8353000283241272,
    "Blue Component" : 1,
    "Red Component" : 0.70980000495910645
  },
  "Ansi 0 Color" : {
    "Red Component" : 0.078431375324726105,
    "Color Space" : "sRGB",
    "Blue Component" : 0.11764705926179886,
    "Alpha Component" : 1,
    "Green Component" : 0.098039217293262482
  },
  "Match Background Color (Dark)" : {
    "Red Component" : 1,
    "Color Space" : "P3",
    "Blue Component" : 0,
    "Alpha Component" : 1,
    "Green Component" : 1
  },
  "Ansi 11 Color (Light)" : {
    "Green Component" : 1,
    "Blue Component" : 0.3333333432674408,
    "Red Component" : 1
  },
  "Ansi 5 Color (Dark)" : {
    "Green Component" : 0,
    "Blue Component" : 0.73333334922790527,
    "Red Component" : 0.73333334922790527
  },
  "Cursor Text Color (Light)" : {
    "Green Component" : 1,
    "Blue Component" : 1,
    "Red Component" : 1
  },
  "Silence Bell" : false,
  "Use Custom Tab Title" : true,
  "Rows" : 25,
  "Guid" : "9153EEC9-8ED0-426D-AD94-3D1E116245B2",
  "Ansi 14 Color (Dark)" : {
    "Green Component" : 1,
    "Blue Component" : 1,
    "Red Component" : 0.3333333432674408
  },
  "Use Cursor Guide (Dark)" : false,
  "Ansi 15 Color (Dark)" : {
    "Green Component" : 1,
    "Blue Component" : 1,
    "Red Component" : 1
  },
  "Ansi 0 Color (Dark)" : {
    "Green Component" : 0,
    "Blue Component" : 0,
    "Red Component" : 0
  },
  "Ambiguous Double Width" : false,
  "Option Key Sends" : 0,
  "Ansi 3 Color" : {
    "Red Component" : 0.78058648109436035,
    "Color Space" : "sRGB",
    "Blue Component" : 0,
    "Alpha Component" : 1,
    "Green Component" : 0.76959484815597534
  },
  "Window Type" : 0,
  "Smart Cursor Color (Dark)" : false,
  "BM Growl" : true,
  "Prompt Before Closing 2" : false,
  "Command" : "",
  "Smart Cursor Color (Light)" : false,
  "Use Bright Bold (Light)" : true,
  "Use Selected Text Color (Light)" : true,
  "Selected Text Color" : {
    "Red Component" : 0,
    "Color Space" : "sRGB",
    "Blue Component" : 0,
    "Alpha Component" : 1,
    "Green Component" : 0
  },
  "Ansi 14 Color (Light)" : {
    "Green Component" : 1,
    "Blue Component" : 1,
    "Red Component" : 0.3333333432674408
  },
  "Cursor Guide Color (Dark)" : {
    "Red Component" : 0.74862593412399292,
    "Color Space" : "P3",
    "Blue Component" : 0.99125725030899048,
    "Alpha Component" : 0.25,
    "Green Component" : 0.92047786712646484
  },
  "Send Code When Idle" : false,
  "Ansi 6 Color" : {
    "Red Component" : 0,
    "Color Space" : "sRGB",
    "Blue Component" : 0.78166204690933228,
    "Alpha Component" : 1,
    "Green Component" : 0.77425903081893921
  },
  "Jobs to Ignore" : [
    "rlogin",
    "ssh",
    "slogin",
    "telnet"
  ],
  "Badge Color (Dark)" : {
    "Red Component" : 0.92929404973983765,
    "Color Space" : "P3",
    "Blue Component" : 0.13960540294647217,
    "Alpha Component" : 0.5,
    "Green Component" : 0.25479039549827576
  },
  "Use Underline Color (Light)" : false,
  "Cursor Color" : {
    "Red Component" : 0,
    "Color Space" : "sRGB",
    "Blue Component" : 0,
    "Alpha Component" : 1,
    "Green Component" : 0
  },
  "Vertical Spacing" : 1,
  "Minimum Contrast (Light)" : 0,
  "Disable Window Resizing" : true,
  "Use Selected Text Color (Dark)" : true,
  "Close Sessions On End" : true,
  "Selection Color (Dark)" : {
    "Green Component" : 0.8353000283241272,
    "Blue Component" : 1,
    "Red Component" : 0.70980000495910645
  },
  "Default Bookmark" : "No",
  "Minimum Contrast (Dark)" : 0,
  "Custom Command" : "No",
  "Foreground Color (Light)" : {
    "Green Component" : 0.73333334922790527,
    "Blue Component" : 0.73333334922790527,